,A,C,G,T
0,0.0325289827493607,-0.2227072964400048,-0.7114528555445697,-0.063124729326785
1,-0.4028578919960613,0.1705173655340733,-0.6843861219388453,-0.0480292501702153
2,-0.7730051593449926,-0.9989629581385712,-0.6888878537854711,1.4961000726873572
3,-1.1567594245665964,-0.8356907409404949,-0.8479180199023526,1.875612286851353
4,1.7191733802091518,-0.9045873257009126,-0.9167865445617956,-0.8625554084902606
5,1.8691035914135723,-0.7813051064188491,-0.8432800056701251,-1.2092743778972177
6,1.4032941011265343,-0.9139917075875598,-0.2261625423785848,-1.227895749749247
7,-0.6190064245298479,-1.0492038517060895,1.4778795595664402,-0.774425181860207
8,-0.780593315928739,-0.2086739011390655,0.3833603105185038,-0.3588489920426125
9,-0.2242605886543839,-0.5119881973233392,0.2139612144049152,-0.4424683269931652
10,0.0494295366746283,-0.3182653213185806,-0.0842637266040189,-0.6116563872856349
11,-0.4125889695979617,0.0928566270987619,-0.572816691735341,-0.0722068643456302
12,0.2354714886362077,-0.1622929559613685,-0.4342013956390286,-0.603733035631035
13,-0.4290517426524211,-0.1114910203955025,-0.1525371981703677,-0.2716759373788354
14,-0.2881862947181732,-0.3240093014359356,-0.185752397791127,-0.1668079046125148
