,A,C,G,T
0,-0.2832992460854635,-0.3008197481205112,-0.16533699264533283,-0.277694152392814
1,-0.17300105923653533,-0.3756440357078476,-0.12269011127734905,-0.35581493304431255
2,-0.23892833049944512,-0.4598309146690438,-0.6321126850831403,0.30372179099026114
3,-0.9117515116634044,-0.8688400731525328,0.8667179273312056,-0.11327648178033903
4,-1.0466591337570084,-1.2369112113385718,0.4117654694693637,0.8446547363167844
5,-1.0115296538356835,-0.8399835311364833,2.1638732108511904,-1.339510165142737
6,-1.67832240636097,0.04307135395917206,2.2771344685956794,-1.6690335554927025
7,-1.3412886126133128,3.038360851878876,-0.10033670083228818,-2.623885677650173
8,-1.3393771088657387,2.2808969813379014,-1.2810764271851303,-0.687593584578037
9,-0.9055101670226829,2.0404443225104845,-1.042180540228558,-1.1199037544937243
10,-1.383736544894034,0.9094138570620792,-0.7722379129531372,0.21941046152591698
11,-0.3825642058997814,0.06827661601632541,-0.6665592831194375,-0.04630326629304965
12,-0.24419202831891967,-0.21694968585796964,-0.04863130402826274,-0.5173771211027217
13,-0.20679045326899212,-0.33586145910582027,0.008013303057113003,-0.4925115300072577
14,-0.3352777078054317,-0.18966654115922757,-0.07936642147128152,-0.42283946884997886
