experiment,TF,Chip_pos,Barcode,approved,input_library
exp1,CAMTA1_DBD,1,CGTATGAA,True,input1_fwd/rev
exp1,CAMTA2_DBD,2,GTTACACG,False,input1_fwd/rev
exp1,CXXC4_FL,3,AGTTAAAG,False,input1_fwd/rev
exp1,FAM200B_DBD,4,CTCAGATA,False,input1_fwd/rev
exp1,MSANTD1_FL,5,GACGATGA,True,input1_fwd/rev
exp1,POU5F1_FL,6,TCAGGCCA,True,input1_fwd/rev
exp1,PRDM10_DBD,7,TTACACGC,True,input1_fwd/rev
exp1,PRDM13_DBD,8,GAAATGTG,False,input1_fwd/rev
exp1,TIGD4_FL,9,ACGAGTGT,True,input1_fwd/rev
exp1,KAT7_DBD,10,ATCGTGGT,False,input1_fwd/rev
exp1,ZKSCAN4_DBD,11,TCAGATAT,False,input1_fwd/rev
exp1,ZBTB46_DBD,12,CAGGCCAC,False,input1_fwd/rev
exp2,TIGD5_DBD,1,CGTATGAA,True,input1_fwd/rev
exp2,TIGD5_FL,2,GTTACACG,False,input1_fwd/rev
exp2,TPRX1_DBD,3,AGTTAAAG,False,input1_fwd/rev
exp2,USF3_DBD,4,CTCAGATA,True,input1_fwd/rev
exp2,ZBED4_DBD,5,GACGATGA,False,input1_fwd/rev
exp2,ZBTB5_DBD,6,TCAGGCCA,True,input1_fwd/rev
exp2,ZBTB8B_FL,7,TTACACGC,False,input1_fwd/rev
exp2,ZHX2_FL,8,GAAATGTG,True,input1_fwd/rev
exp2,ZNF131_FL,9,ACGAGTGT,False,input1_fwd/rev
exp2,PRDM5_DBD,10,ATCGTGGT,False,input1_fwd/rev
exp2,ZNF470_DBD,11,TCAGATAT,False,input1_fwd/rev
exp2,AKAP8_DBD,12,CAGGCCAC,False,input1_fwd/rev
exp3,ZNF142_DBD_1,1,CGTATGAA,False,input1_fwd/rev
exp3,ZNF142_DBD_2,2,GTTACACG,False,input1_fwd/rev
exp3,ZNF367_FL,3,AGTTAAAG,True,input1_fwd/rev
exp3,ZNF395_DBD,4,CTCAGATA,False,input1_fwd/rev
exp3,ZNF493_FL,5,GACGATGA,False,input1_fwd/rev
exp3,ZNF500_FL,6,TCAGGCCA,False,input1_fwd/rev
exp3,ZNF507_FL,7,TTACACGC,False,input1_fwd/rev
exp3,ZNF648_DBD,8,GAAATGTG,True,input1_fwd/rev
exp3,ZNF780B_DBD_1,9,ACGAGTGT,False,input1_fwd/rev
exp3,DACH1_DBD,10,ATCGTGGT,False,input1_fwd/rev
exp3,GTF2IRD2B_DBD,11,TCAGATAT,False,input1_fwd/rev
exp3,MBD1_DBD,12,CAGGCCAC,False,input1_fwd/rev
exp4,CAMTA1_DBD,1,AAGATCC,False,input2_fwd/rev
exp4,CAMTA2_DBD,2,ACTTGGA,False,input2_fwd/rev
exp4,CXXC4_FL,3,AGAGGAT,True,input2_fwd/rev
exp4,FAM200B_DBD,4,CACACAA,True,input2_fwd/rev
exp4,MSANTD1_FL,5,CCATTAG,True,input2_fwd/rev
exp4,POU5F1_FL,6,CTCTCAG,True,input2_fwd/rev
exp4,PRDM10_DBD,7,TAGGAAG,True,input2_fwd/rev
exp4,PRDM13_DBD,8,TTCCTCA,True,input2_fwd/rev
exp4,TIGD4_FL,9,TGGATGT,True,input2_fwd/rev
exp4,KAT7_DBD,10,GATTGGT,False,input2_fwd/rev
exp4,ZKSCAN4_DBD,11,GTTAAGG,True,input2_fwd/rev
exp4,ZBTB46_DBD,12,GGTTTAC,True,input2_fwd/rev
exp5,TIGD5_DBD,1,AAGATCC,False,input2_fwd/rev
exp5,ZNF518B_DBD,2,ACTTGGA,False,input2_fwd/rev
exp5,TPRX1_DBD,3,AGAGGAT,True,input2_fwd/rev
exp5,USF3_DBD,4,CACACAA,False,input2_fwd/rev
exp5,ZBED4_DBD,5,CCATTAG,False,input2_fwd/rev
exp5,ZBTB5_DBD,6,CTCTCAG,False,input2_fwd/rev
exp5,ZBTB8B_FL,7,TAGGAAG,False,input2_fwd/rev
exp5,ZHX2_FL,8,TTCCTCA,False,input2_fwd/rev
exp5,ZNF131_FL,9,TGGATGT,False,input2_fwd/rev
exp5,PRDM5_DBD,10,GATTGGT,False,input2_fwd/rev
exp5,ZNF470_DBD,11,GTTAAGG,False,input2_fwd/rev
exp5,AKAP8_DBD,12,GGTTTAC,False,input2_fwd/rev
exp6,ZNF142_DBD_1,1,AAGATCC,False,input2_fwd/rev
exp6,ZNF142_DBD_2,2,ACTTGGA,False,input2_fwd/rev
exp6,ZNF367_FL,3,AGAGGAT,True,input2_fwd/rev
exp6,ZNF395_DBD,4,CACACAA,False,input2_fwd/rev
exp6,ZNF493_FL,5,CCATTAG,False,input2_fwd/rev
exp6,ZNF500_FL,6,CTCTCAG,False,input2_fwd/rev
exp6,ZNF507_FL,7,TAGGAAG,False,input2_fwd/rev
exp6,ZNF648_DBD,8,TTCCTCA,True,input2_fwd/rev
exp6,ZNF780B_DBD_1,9,TGGATGT,False,input2_fwd/rev
exp6,DACH1_DBD,10,GATTGGT,False,input2_fwd/rev
exp6,GTF2IRD2B_DBD,11,GTTAAGG,False,input2_fwd/rev
exp6,MBD1_DBD,12,GGTTTAC,True,input2_fwd/rev
exp7,ZNF831_DBD,1,AAGATCC,False,input2_fwd/rev
exp7,ZXDA_DBD,2,ACTTGGA,False,input2_fwd/rev
exp7,ZXDB_DBD,3,AGAGGAT,False,input2_fwd/rev
exp7,ZXDB_FL,4,CACACAA,False,input2_fwd/rev
exp7,TTF1_DBD,5,CCATTAG,False,input2_fwd/rev
exp7,CENPA_FL,6,CTCTCAG,False,input2_fwd/rev
exp7,CHCHD3_FL,7,TAGGAAG,False,input2_fwd/rev
exp7,DNTTIP1_FL,8,TTCCTCA,False,input2_fwd/rev
exp7,DR1_FL,9,TGGATGT,False,input2_fwd/rev
exp7,DRAP1_FL,10,GATTGGT,False,input2_fwd/rev
exp7,KCNIP3_FL,11,GTTAAGG,False,input2_fwd/rev
exp7,KDM5B_DBD,12,GGTTTAC,False,input2_fwd/rev
exp8,NCOA1_DBD,1,AAGATCC,False,input2_fwd/rev
exp8,NCOA3_DBD,2,ACTTGGA,False,input2_fwd/rev
exp8,PCGF6_FL,3,AGAGGAT,False,input2_fwd/rev
exp8,PIN1_FL,4,CACACAA,False,input2_fwd/rev
exp8,RAG1_DBD,5,CCATTAG,False,input2_fwd/rev
exp8,RFX5_FL,6,CTCTCAG,True,input2_fwd/rev
exp8,SCML4_FL,7,TAGGAAG,False,input2_fwd/rev
exp8,TBPL1_FL,8,TTCCTCA,False,input2_fwd/rev
exp8,TERF1_FL,9,TGGATGT,False,input2_fwd/rev
exp8,THAP4_DBD,10,GATTGGT,False,input2_fwd/rev
exp8,THAP4_FL,11,GTTAAGG,False,input2_fwd/rev
exp8,ZNF385A_FL,12,GGTTTAC,False,input2_fwd/rev
exp9,FAM200B_DBD,1,AAGATCC,False,input3_fwd/rev
exp9,TIGD5_DBD,2,ACTTGGA,True,input3_fwd/rev
exp9,ZNF208_DBD_1,3,AGAGGAT,False,input3_fwd/rev
exp9,ZNF831_DBD,4,CACACAA,True,input3_fwd/rev
exp9,NCOA1_DBD,5,CCATTAG,False,input3_fwd/rev
exp9,RFX5_FL,6,CTCTCAG,True,input3_fwd/rev
exp9,CAMTA1_DBD,7,TAGGAAG,False,input3_fwd/rev
exp9,PRDM10_DBD,8,TTCCTCA,False,input3_fwd/rev
exp9,KAT7_DBD,9,TGGATGT,False,input3_fwd/rev
exp9,TET2_FL,10,GATTGGT,False,input3_fwd/rev
exp9,TET3_FL,11,GTTAAGG,False,input3_fwd/rev
exp9,ZNF385A_FL,12,GGTTTAC,False,input3_fwd/rev
exp10,MSANTD1_FL,1,AAGATCC,True,input3_fwd/rev
exp10,ZNF248_FL,2,ACTTGGA,True,input3_fwd/rev
exp10,ZNF552_FL,3,AGAGGAT,True,input3_fwd/rev
exp10,ZNF135_FL,4,CACACAA,False,input3_fwd/rev
exp10,ZFP1_FL,5,CCATTAG,False,input3_fwd/rev
exp10,ZNF8_FL,6,CTCTCAG,True,input3_fwd/rev
exp10,ZFP14_FL,7,TAGGAAG,False,input3_fwd/rev
exp10,ZNF777_FL,8,TTCCTCA,True,input3_fwd/rev
exp10,ZFP57_FL,9,TGGATGT,False,input3_fwd/rev
exp10,ZNF256_FL,10,GATTGGT,False,input3_fwd/rev
exp10,ZNF283_FL,11,GTTAAGG,False,input3_fwd/rev
exp10,ZNF891_FL,12,GGTTTAC,True,input3_fwd/rev
exp11,AC092835_DBD,1,AAGATCC,False,input3_fwd/rev
exp11,AC092835_FL,2,ACTTGGA,False,input3_fwd/rev
exp11,ATMIN_DBD,3,AGAGGAT,False,input3_fwd/rev
exp11,ATMIN_FL,4,CACACAA,False,input3_fwd/rev
exp11,BHLHA9_FL,5,CCATTAG,False,input3_fwd/rev
exp11,CPXCR1_FL,6,CTCTCAG,False,input3_fwd/rev
exp11,MBD3_FL,7,TAGGAAG,False,input3_fwd/rev
exp11,MYRFL_DBD,8,TTCCTCA,False,input3_fwd/rev
exp11,MYRFL_FL,9,TGGATGT,False,input3_fwd/rev
exp11,MYSM1_DBD,10,GATTGGT,False,input3_fwd/rev
exp11,MYSM1_FL,11,GTTAAGG,False,input3_fwd/rev
exp11,ZNF14_FL,12,GGTTTAC,False,input3_fwd/rev
exp12,POU5F1_FL,1,AAGATCC,False,input3_fwd/rev
exp12,ZNF503_FL,2,ACTTGGA,True,input3_fwd/rev
exp12,ZNF703_DBD,3,AGAGGAT,False,input3_fwd/rev
exp12,ZNF703_FL,4,CACACAA,False,input3_fwd/rev
exp12,ZNF705E_FL,5,CCATTAG,False,input3_fwd/rev
exp12,ZNF709_FL,6,CTCTCAG,False,input3_fwd/rev
exp12,ZNF888_DBD,7,TAGGAAG,False,input3_fwd/rev
exp12,ZNF888_FL,8,TTCCTCA,False,input3_fwd/rev
exp12,ZNF92_FL,9,TGGATGT,False,input3_fwd/rev
exp12,ZSCAN12_DBD,10,GATTGGT,False,input3_fwd/rev
exp12,ZSCAN12_FL,11,GTTAAGG,False,input3_fwd/rev
exp12,ZNF503_DBD,12,GGTTTAC,True,input3_fwd/rev
exp13,ZBTB46_DBD,1,AAGATCC,False,input3_fwd/rev
exp13,ZBED4_DBD,2,ACTTGGA,True,input3_fwd/rev
exp13,ZBTB5_DBD,3,AGAGGAT,True,input3_fwd/rev
exp13,ZNF131_FL,4,CACACAA,True,input3_fwd/rev
exp13,ZNF470_DBD,5,CCATTAG,False,input3_fwd/rev
exp13,ZNF518B_DBD,6,CTCTCAG,True,input3_fwd/rev
exp13,ZNF395_DBD,7,TAGGAAG,False,input3_fwd/rev
exp13,ZNF500_FL,8,TTCCTCA,False,input3_fwd/rev
exp13,ZXDB_FL,9,TGGATGT,False,input3_fwd/rev
exp13,CHCHD3_FL,10,GATTGGT,False,input3_fwd/rev
exp13,DNTTIP1_FL,11,GTTAAGG,False,input3_fwd/rev
exp13,DR1_FL,12,GGTTTAC,False,input3_fwd/rev
exp14,TPRX1_DBD,1,AAGATCC,False,input3_fwd/rev
exp14,DRAP1_FL,2,ACTTGGA,False,input3_fwd/rev
exp14,PIN1_FL,3,AGAGGAT,False,input3_fwd/rev
exp14,RFX5_FL,4,CACACAA,False,input3_fwd/rev
exp14,SCML4_FL,5,CCATTAG,False,input3_fwd/rev
exp14,MSANTD1_FL,6,CTCTCAG,False,input3_fwd/rev
exp14,THAP4_FL,7,TAGGAAG,False,input3_fwd/rev
exp14,POU5F1_FL,8,TTCCTCA,False,input3_fwd/rev
exp14,AKAP8_DBD,9,TGGATGT,False,input3_fwd/rev
exp14,MBD1_DBD,10,GATTGGT,True,input3_fwd/rev
exp14,THAP4rep_FL,11,GTTAAGG,False,input3_fwd/rev
exp14,PIN1rep_FL,12,GGTTTAC,False,input3_fwd/rev
exp15,ZNF695_FL,1,AAGATCC,True,input4_fwd/rev
exp15,ZNF320_FL,2,ACTTGGA,False,input4_fwd/rev
exp15,ZNF680_FL,3,AGAGGAT,True,input4_fwd/rev
exp15,ZNF671_FL,4,CACACAA,False,input4_fwd/rev
exp15,ZNF250_FL,5,CCATTAG,False,input4_fwd/rev
exp15,ZNF343_FL,6,CTCTCAG,False,input4_fwd/rev
exp15,ZNF587_FL,7,TAGGAAG,False,input4_fwd/rev
exp15,ZNF133_FL,8,TTCCTCA,True,input4_fwd/rev
exp15,ZNF202_FL,9,TGGATGT,False,input4_fwd/rev
exp15,ZNF282_FL,10,GATTGGT,False,input4_fwd/rev
exp15,ZNF333_FL,11,GTTAAGG,True,input4_fwd/rev
exp15,ZNF324_FL,12,GGTTTAC,False,input4_fwd/rev
exp16,ZNF445_FL,1,AAGATCC,True,input4_fwd/rev
exp16,ZNF75D_FL,2,ACTTGGA,True,input4_fwd/rev
exp16,ZNF793_FL,3,AGAGGAT,True,input4_fwd/rev
exp16,ZNF716_FL,4,CACACAA,True,input4_fwd/rev
exp16,ZNF688_FL,5,CCATTAG,False,input4_fwd/rev
exp16,ZNF18_FL,6,CTCTCAG,True,input4_fwd/rev
exp16,ZNF263_FL,7,TAGGAAG,True,input4_fwd/rev
exp16,ZNF468_FL,8,TTCCTCA,True,input4_fwd/rev
exp16,ZNF525_FL,9,TGGATGT,False,input4_fwd/rev
exp16,ZNF23_FL,10,GATTGGT,True,input4_fwd/rev
exp16,ZNF10_FL,11,GTTAAGG,False,input4_fwd/rev
exp16,ZIM3_FL,12,GGTTTAC,False,input4_fwd/rev
exp17,ZNF75A_FL,1,AAGATCC,False,input4_fwd/rev
exp17,ZNF417_FL,2,ACTTGGA,False,input4_fwd/rev
exp17,ZNF792_FL,3,AGAGGAT,False,input4_fwd/rev
exp17,ZNF248_FL,4,CACACAA,True,input4_fwd/rev
exp17,ZNF552_FL,5,CCATTAG,False,input4_fwd/rev
exp17,ZNF135_FL,6,CTCTCAG,False,input4_fwd/rev
exp17,ZFP1_FL,7,TAGGAAG,True,input4_fwd/rev
exp17,ZNF8_FL,8,TTCCTCA,False,input4_fwd/rev
exp17,ZFP14_FL,9,TGGATGT,True,input4_fwd/rev
exp17,ZNF777_FL,10,GATTGGT,True,input4_fwd/rev
exp17,ZFP57_FL,11,GTTAAGG,False,input4_fwd/rev
exp17,ZNF283_FL,12,GGTTTAC,False,input4_fwd/rev
exp18,ZNF891_FL,1,AAGATCC,True,input4_fwd/rev
exp18,ZNF614_FL,2,ACTTGGA,True,input4_fwd/rev
exp18,TERF1_FL,3,AGAGGAT,False,input4_fwd/rev
exp18,THAP4_FL,4,CACACAA,False,input4_fwd/rev
exp18,TTF1_DBD,5,CCATTAG,True,input4_fwd/rev
exp18,PRDM10_DBD,6,CTCTCAG,False,input4_fwd/rev
exp18,ZNF131_FL,7,TAGGAAG,True,input4_fwd/rev
exp18,CAMTA2_DBD,8,TTCCTCA,False,input4_fwd/rev
exp18,FAM200B_DBD,9,TGGATGT,True,input4_fwd/rev
exp18,PRDM13_DBD,10,GATTGGT,True,input4_fwd/rev
exp18,ZBTB46_DBD,11,GTTAAGG,True,input4_fwd/rev
exp18,PRDM5_DBD,12,GGTTTAC,True,input4_fwd/rev
exp19,ZBED4_DBD,1,AAGATCC,True,input4_fwd/rev
exp19,ZHX2_FL,2,ACTTGGA,True,input4_fwd/rev
exp19,TPRX1_DBD,3,AGAGGAT,True,input4_fwd/rev
exp19,ZNF395_DBD,4,CACACAA,True,input4_fwd/rev
exp19,ZNF518B_DBD,5,CCATTAG,True,input4_fwd/rev
exp19,ZNF831_DBD,6,CTCTCAG,True,input4_fwd/rev
exp19,PIN1_FL,7,TAGGAAG,False,input4_fwd/rev
exp19,ZNF503_FL,8,TTCCTCA,False,input4_fwd/rev
exp19,POU5F1_FL,9,TGGATGT,True,input4_fwd/rev
exp19,AC092835_DBD,10,GATTGGT,False,input4_fwd/rev
exp19,ATMIN_DBD,11,GTTAAGG,False,input4_fwd/rev
exp19,CPXCR1_FL,12,GGTTTAC,False,input4_fwd/rev
exp20,ZNF503_DBD,1,AAGATCC,False,input4_fwd/rev
exp20,AC092835_FL,2,ACTTGGA,False,input4_fwd/rev
exp20,ZNF208_DBD_1,3,AGAGGAT,False,input4_fwd/rev
exp20,ATMIN_FL,4,CACACAA,False,input4_fwd/rev
exp20,CXXC4_FL,5,CCATTAG,False,input4_fwd/rev
exp20,ZKSCAN4_DBD,6,CTCTCAG,True,input4_fwd/rev
exp20,CAMTA1_DBD,7,TAGGAAG,True,input4_fwd/rev
exp20,ZNF282_FL,8,TTCCTCA,False,input4_fwd/rev
exp20,ZNF142_DBD_2,9,TGGATGT,False,input4_fwd/rev
exp20,TET2_FL,10,GATTGGT,True,input4_fwd/rev
exp20,TET3_FL,11,GTTAAGG,False,input4_fwd/rev
exp20,ZXDA_DBD,12,GGTTTAC,False,input4_fwd/rev
exp21,ZXDB_DBD,1,AAGATCC,True,input4_fwd/rev
exp21,ZXDB_FL,2,ACTTGGA,False,input4_fwd/rev
exp21,ZNF703_DBD,3,AGAGGAT,False,input4_fwd/rev
exp21,ZNF703_FL,4,CACACAA,False,input4_fwd/rev
exp21,ZNF705E_FL,5,CCATTAG,False,input4_fwd/rev
exp21,ZNF709_FL,6,CTCTCAG,False,input4_fwd/rev
exp21,ZNF888_DBD,7,TAGGAAG,False,input4_fwd/rev
exp21,ZNF888_FL,8,TTCCTCA,False,input4_fwd/rev
exp21,ZNF92_FL,9,TGGATGT,False,input4_fwd/rev
exp21,ZSCAN12_DBD,10,GATTGGT,False,input4_fwd/rev
exp21,ZSCAN12_FL,11,GTTAAGG,False,input4_fwd/rev
exp21,CENPA_FL,12,GGTTTAC,False,input4_fwd/rev
exp22,KCNIP3_FL,1,AAGATCC,False,input4_fwd/rev
exp22,DRAP1_FL,2,ACTTGGA,False,input4_fwd/rev
exp22,KDM5B_DBD,3,AGAGGAT,False,input4_fwd/rev
exp22,RFX5_FL,4,CACACAA,True,input4_fwd/rev
exp22,SCML4_FL,5,CCATTAG,False,input4_fwd/rev
exp22,TBPL1_FL,6,CTCTCAG,False,input4_fwd/rev
exp22,TERF1_FL,7,TAGGAAG,False,input4_fwd/rev
exp22,ZBED4_DBD,8,TTCCTCA,True,input4_fwd/rev
exp22,AKAP8_DBD,9,TGGATGT,False,input4_fwd/rev
exp22,ZNF248_FL,10,GATTGGT,False,input4_fwd/rev
exp22,ZNF8_FL,11,GTTAAGG,True,input4_fwd/rev
exp22,ZNF671_FL,12,GGTTTAC,False,input4_fwd/rev
exp23,ZNF343_FL,1,AAGATCC,False,input4_fwd/rev
exp23,ZNF445_FL,2,ACTTGGA,True,input4_fwd/rev
exp23,ZNF75D_FL,3,AGAGGAT,False,input4_fwd/rev
exp23,ZNF688_FL,4,CACACAA,False,input4_fwd/rev
exp23,ZNF10_FL,5,CCATTAG,False,input4_fwd/rev
exp23,ZNF417_FL,6,CTCTCAG,False,input4_fwd/rev
exp23,ZNF792_FL,7,TAGGAAG,False,input4_fwd/rev
exp23,ZNF777_FL,8,TTCCTCA,True,input4_fwd/rev
exp23,ZFP57_FL,9,TGGATGT,False,input4_fwd/rev
exp23,FAM200B_DBD,10,GATTGGT,True,input4_fwd/rev
exp23,CXXC4_FL,11,GTTAAGG,True,input4_fwd/rev
exp23,CAMTA1_DBD,12,GGTTTAC,False,input4_fwd/rev
exp24,ZHX2_DBD1,11,GTTAAGG,False,input4_fwd/rev
exp24,ZHX2_DBD2,12,GGTTTAC,True,input4_fwd/rev
