{"modelSettings":{"enrichmentModel":[{"bindingSaturation":false,"cumulativeEnrichment":true,"concentration":1,"modelType":"SELEX","bindingModeInteractions":[],"bindingModes":[0,1,2],"modifications":[]}],"countTable":[{"leftFlank":"TCGTCGGCAGCGTCAGATGTGTATAAGAGACAGAACGAGTGTG","transliterate":{"in":[],"out":[]},"variableRegionLength":40,"modeledColumns":[0,1],"inputFileType":"tsv.gz","nColumns":2,"rightFlank":"CTGTCTCTTATACACATCTCCGAGCCCACGAGAC","countTableFile":"../output/03_ProBound_significant_TFs/calculations/PRDM13/UT380_154_SS014_9mer/15bps/f_output.tsv.gz"}],"bindingModeInteractions":[],"bindingModes":[{"size":0,"fitLogActivity":true,"flankLength":0,"dinucleotideDistance":0,"positionBias":false,"singleStrand":false,"modifications":[]},{"size":15,"fitLogActivity":true,"flankLength":30,"dinucleotideDistance":0,"positionBias":false,"singleStrand":false,"modifications":[]},{"size":15,"fitLogActivity":true,"flankLength":30,"dinucleotideDistance":0,"positionBias":false,"singleStrand":false,"modifications":[]}]},"packing":{"enrichmentModel":[{}],"countTable":[{"h":[64,65]}],"bindingModeInteractions":[],"bindingModes":[{"mononucleotide":[],"activity":[[0,1]]},{"mononucleotide":[2,3,4,5,6,7,8,9,10,11,12,13,14,15,16,17,18,19,20,21,22,23,24,25,26,27,28,29,30,31,32,33,34,35,36,37,38,39,40,41,42,43,44,45,46,47,48,49,50,51,52,53,54,55,56,57,58,59,60,61],"activity":[[62,63]]},{}]}}
-0.0000,-0.3221,-0.1729,-0.3022,0.0039,-0.1638,-0.6202,-0.0808,0.0718,-0.0058,0.1205,-0.6345,0.0861,-0.2071,0.2336,-0.8009,0.6235,-0.6853,-0.5319,0.9897,-0.3654,-0.7215,0.1271,-1.1214,0.0067,0.3584,-1.8963,-1.4012,3.0391,-0.3708,-1.5143,-1.2362,3.1793,-1.0580,-0.7907,-1.0493,-0.2371,1.4480,0.0518,-0.8446,0.7721,-0.6085,-0.5242,-0.2153,0.4920,-0.3816,-0.4893,0.0566,0.0237,-0.2201,-0.0986,-0.2762,0.0498,-0.3041,-0.1135,-0.3459,0.1140,-0.2837,-0.1498,-0.2558,0.0986,-0.3221,-0.0000,-0.6291,4.0265,-4.0265
-0.0000,-0.3221,-0.1729,-0.3022,0.0039,-0.1638,-0.6202,-0.0808,0.0718,-0.0058,0.1205,-0.6345,0.0861,-0.2071,0.2336,-0.8009,0.6235,-0.6853,-0.5319,0.9897,-0.3654,-0.7215,0.1271,-1.1214,0.0067,0.3584,-1.8963,-1.4012,3.0391,-0.3708,-1.5143,-1.2362,3.1793,-1.0580,-0.7907,-1.0493,-0.2371,1.4480,0.0518,-0.8446,0.7721,-0.6085,-0.5242,-0.2153,0.4920,-0.3816,-0.4893,0.0566,0.0237,-0.2201,-0.0986,-0.2762,0.0498,-0.3041,-0.1135,-0.3459,0.1140,-0.2837,-0.1498,-0.2558,0.0986,-0.3221,-0.0000,-0.6291,4.0265,-4.0265
-0.0000,-0.3233,-0.1729,-0.3022,0.0039,-0.1639,-0.6202,-0.0808,0.0718,-0.0058,0.1205,-0.6345,0.0861,-0.2071,0.2336,-0.8009,0.6235,-0.6853,-0.5319,0.9897,-0.3654,-0.7215,0.1271,-1.1214,0.0067,0.3584,-1.8963,-1.4012,3.0391,-0.3708,-1.5143,-1.2362,3.1793,-1.0580,-0.7907,-1.0493,-0.2371,1.4480,0.0518,-0.8446,0.7721,-0.6085,-0.5242,-0.2153,0.4919,-0.3816,-0.4893,0.0566,0.0237,-0.2201,-0.0986,-0.2762,0.0497,-0.3041,-0.1135,-0.3460,0.1140,-0.2837,-0.1498,-0.2559,0.0986,-0.3221,-0.0000,-0.6292,4.0265,-4.0265
-0.0000,-0.3291,-0.1728,-0.3023,0.0039,-0.1638,-0.6203,-0.0808,0.0718,-0.0057,0.1205,-0.6345,0.0861,-0.2071,0.2336,-0.8009,0.6235,-0.6853,-0.5320,0.9896,-0.3653,-0.7215,0.1271,-1.1214,0.0067,0.3585,-1.8963,-1.4012,3.0391,-0.3708,-1.5143,-1.2362,3.1793,-1.0580,-0.7907,-1.0493,-0.2371,1.4480,0.0518,-0.8446,0.7721,-0.6085,-0.5243,-0.2153,0.4920,-0.3816,-0.4893,0.0566,0.0237,-0.2202,-0.0986,-0.2762,0.0497,-0.3041,-0.1135,-0.3460,0.1140,-0.2837,-0.1498,-0.2559,0.0986,-0.3221,-0.0000,-0.6292,4.0265,-4.0265
-0.0000,-0.7556,-0.1709,-0.3037,0.0037,-0.1637,-0.6210,-0.0805,0.0724,-0.0055,0.1222,-0.6356,0.0872,-0.2084,0.2338,-0.8016,0.6233,-0.6849,-0.5350,0.9893,-0.3633,-0.7206,0.1279,-1.1220,0.0054,0.3592,-1.8968,-1.4010,3.0390,-0.3707,-1.5151,-1.2360,3.1789,-1.0574,-0.7916,-1.0491,-0.2371,1.4483,0.0510,-0.8447,0.7726,-0.6085,-0.5269,-0.2141,0.4924,-0.3809,-0.4876,0.0564,0.0229,-0.2212,-0.0975,-0.2764,0.0482,-0.3039,-0.1126,-0.3477,0.1146,-0.2839,-0.1492,-0.2564,0.0990,-0.3229,-0.0000,-0.6295,4.0263,-4.0263
-0.0000,-1.0198,-0.1709,-0.3033,0.0034,-0.1633,-0.6213,-0.0803,0.0728,-0.0052,0.1221,-0.6354,0.0867,-0.2075,0.2334,-0.8017,0.6236,-0.6850,-0.5351,0.9889,-0.3631,-0.7202,0.1272,-1.1220,0.0060,0.3592,-1.8969,-1.4009,3.0386,-0.3704,-1.5155,-1.2358,3.1787,-1.0570,-0.7918,-1.0490,-0.2369,1.4481,0.0512,-0.8446,0.7721,-0.6084,-0.5265,-0.2143,0.4920,-0.3808,-0.4880,0.0562,0.0231,-0.2209,-0.0980,-0.2765,0.0487,-0.3038,-0.1130,-0.3472,0.1143,-0.2837,-0.1496,-0.2562,0.0986,-0.3224,-0.0000,-0.6296,4.0257,-4.0257
-0.0000,-1.1863,-0.1717,-0.3028,0.0044,-0.1638,-0.6202,-0.0803,0.0718,-0.0053,0.1215,-0.6350,0.0872,-0.2075,0.2343,-0.8015,0.6228,-0.6853,-0.5347,0.9899,-0.3640,-0.7209,0.1279,-1.1219,0.0057,0.3586,-1.8970,-1.4008,3.0385,-0.3704,-1.5157,-1.2358,3.1785,-1.0567,-0.7917,-1.0488,-0.2369,1.4478,0.0515,-0.8445,0.7717,-0.6084,-0.5255,-0.2147,0.4918,-0.3813,-0.4885,0.0566,0.0230,-0.2209,-0.0981,-0.2763,0.0488,-0.3041,-0.1131,-0.3466,0.1139,-0.2839,-0.1496,-0.2561,0.0984,-0.3225,-0.0000,-0.6297,4.0252,-4.0252
-0.0000,-1.2940,-0.1722,-0.3021,0.0042,-0.1636,-0.6202,-0.0803,0.0721,-0.0053,0.1210,-0.6345,0.0865,-0.2067,0.2337,-0.8013,0.6234,-0.6855,-0.5336,0.9895,-0.3645,-0.7211,0.1272,-1.1217,0.0065,0.3583,-1.8970,-1.4006,3.0382,-0.3702,-1.5159,-1.2357,3.1784,-1.0566,-0.7915,-1.0487,-0.2368,1.4474,0.0516,-0.8444,0.7716,-0.6085,-0.5246,-0.2152,0.4916,-0.3815,-0.4892,0.0564,0.0235,-0.2205,-0.0987,-0.2763,0.0495,-0.3042,-0.1136,-0.3460,0.1137,-0.2838,-0.1499,-0.2560,0.0984,-0.3222,-0.0000,-0.6297,4.0247,-4.0247
-0.0000,-1.3027,-0.1724,-0.3019,0.0041,-0.1635,-0.6200,-0.0804,0.0721,-0.0054,0.1208,-0.6343,0.0863,-0.2066,0.2336,-0.8012,0.6234,-0.6855,-0.5329,0.9894,-0.3649,-0.7213,0.1271,-1.1216,0.0066,0.3583,-1.8970,-1.4006,3.0380,-0.3702,-1.5159,-1.2357,3.1783,-1.0565,-0.7914,-1.0488,-0.2369,1.4473,0.0517,-0.8445,0.7716,-0.6085,-0.5242,-0.2155,0.4916,-0.3816,-0.4893,0.0564,0.0236,-0.2203,-0.0988,-0.2764,0.0496,-0.3042,-0.1137,-0.3459,0.1137,-0.2838,-0.1500,-0.2560,0.0984,-0.3222,-0.0000,-0.6298,4.0245,-4.0245
-0.0000,-1.2986,-0.1726,-0.3018,0.0041,-0.1636,-0.6199,-0.0806,0.0721,-0.0055,0.1207,-0.6341,0.0862,-0.2067,0.2334,-0.8011,0.6233,-0.6855,-0.5321,0.9893,-0.3655,-0.7216,0.1269,-1.1216,0.0066,0.3582,-1.8969,-1.4006,3.0378,-0.3702,-1.5158,-1.2357,3.1782,-1.0566,-0.7912,-1.0489,-0.2372,1.4474,0.0516,-0.8446,0.7718,-0.6087,-0.5240,-0.2156,0.4916,-0.3818,-0.4895,0.0563,0.0236,-0.2203,-0.0988,-0.2764,0.0496,-0.3043,-0.1137,-0.3461,0.1138,-0.2839,-0.1500,-0.2561,0.0984,-0.3223,-0.0000,-0.6299,4.0241,-4.0241
-0.0000,-1.2950,-0.1726,-0.3019,0.0040,-0.1636,-0.6199,-0.0807,0.0720,-0.0056,0.1207,-0.6341,0.0861,-0.2068,0.2333,-0.8010,0.6231,-0.6855,-0.5317,0.9893,-0.3659,-0.7218,0.1268,-1.1215,0.0065,0.3581,-1.8968,-1.4006,3.0375,-0.3703,-1.5157,-1.2357,3.1779,-1.0566,-0.7909,-1.0491,-0.2376,1.4475,0.0516,-0.8447,0.7718,-0.6088,-0.5243,-0.2156,0.4916,-0.3818,-0.4896,0.0563,0.0235,-0.2203,-0.0988,-0.2765,0.0495,-0.3043,-0.1137,-0.3462,0.1137,-0.2839,-0.1500,-0.2561,0.0983,-0.3224,-0.0000,-0.6301,4.0232,-4.0232
-0.0000,-1.2922,-0.1728,-0.3023,0.0040,-0.1637,-0.6200,-0.0809,0.0719,-0.0057,0.1204,-0.6341,0.0861,-0.2071,0.2329,-0.8009,0.6228,-0.6856,-0.5313,0.9892,-0.3665,-0.7222,0.1266,-1.1215,0.0064,0.3578,-1.8966,-1.4005,3.0369,-0.3706,-1.5156,-1.2358,3.1774,-1.0568,-0.7906,-1.0495,-0.2381,1.4475,0.0514,-0.8451,0.7719,-0.6090,-0.5248,-0.2157,0.4918,-0.3821,-0.4898,0.0561,0.0234,-0.2205,-0.0989,-0.2767,0.0494,-0.3046,-0.1138,-0.3465,0.1137,-0.2842,-0.1502,-0.2563,0.0983,-0.3226,-0.0000,-0.6308,4.0215,-4.0215
-0.0000,-1.2937,-0.1730,-0.3027,0.0039,-0.1639,-0.6203,-0.0811,0.0717,-0.0059,0.1203,-0.6344,0.0859,-0.2074,0.2327,-0.8011,0.6224,-0.6857,-0.5313,0.9890,-0.3669,-0.7225,0.1264,-1.1216,0.0061,0.3575,-1.8963,-1.4005,3.0361,-0.3710,-1.5154,-1.2360,3.1767,-1.0570,-0.7904,-1.0501,-0.2386,1.4474,0.0512,-0.8455,0.7718,-0.6092,-0.5253,-0.2158,0.4917,-0.3823,-0.4900,0.0559,0.0231,-0.2207,-0.0991,-0.2769,0.0491,-0.3048,-0.1140,-0.3468,0.1135,-0.2845,-0.1504,-0.2565,0.0981,-0.3229,-0.0000,-0.6317,4.0189,-4.0189
-0.0000,-1.3071,-0.1740,-0.3042,0.0030,-0.1647,-0.6216,-0.0821,0.0705,-0.0068,0.1193,-0.6358,0.0850,-0.2085,0.2315,-0.8020,0.6213,-0.6868,-0.5324,0.9883,-0.3682,-0.7236,0.1253,-1.1223,0.0048,0.3563,-1.8953,-1.4005,3.0331,-0.3733,-1.5147,-1.2366,3.1735,-1.0581,-0.7898,-1.0529,-0.2403,1.4470,0.0501,-0.8471,0.7712,-0.6102,-0.5271,-0.2165,0.4911,-0.3835,-0.4913,0.0551,0.0220,-0.2218,-0.1000,-0.2779,0.0480,-0.3061,-0.1150,-0.3479,0.1126,-0.2857,-0.1514,-0.2575,0.0971,-0.3241,-0.0000,-0.6360,4.0074,-4.0074
-0.0000,-1.3355,-0.1763,-0.3067,0.0010,-0.1672,-0.6238,-0.0846,0.0685,-0.0092,0.1169,-0.6385,0.0834,-0.2110,0.2296,-0.8042,0.6184,-0.6891,-0.5348,0.9855,-0.3702,-0.7258,0.1230,-1.1244,0.0027,0.3535,-1.8934,-1.4008,3.0274,-0.3785,-1.5134,-1.2384,3.1671,-1.0607,-0.7899,-1.0583,-0.2425,1.4454,0.0477,-0.8500,0.7694,-0.6124,-0.5300,-0.2186,0.4888,-0.3855,-0.4937,0.0525,0.0200,-0.2242,-0.1021,-0.2803,0.0457,-0.3087,-0.1170,-0.3505,0.1103,-0.2881,-0.1535,-0.2600,0.0949,-0.3267,-0.0000,-0.6453,3.9823,-3.9823
-0.0000,-1.3572,-0.1779,-0.3082,-0.0005,-0.1684,-0.6255,-0.0858,0.0667,-0.0105,0.1155,-0.6403,0.0818,-0.2122,0.2279,-0.8059,0.6176,-0.6909,-0.5371,0.9848,-0.3717,-0.7274,0.1215,-1.1260,0.0009,0.3522,-1.8926,-1.4012,3.0247,-0.3823,-1.5127,-1.2395,3.1633,-1.0624,-0.7908,-1.0615,-0.2437,1.4446,0.0462,-0.8517,0.7678,-0.6137,-0.5316,-0.2200,0.4877,-0.3875,-0.4955,0.0515,0.0183,-0.2257,-0.1036,-0.2816,0.0442,-0.3104,-0.1187,-0.3519,0.1089,-0.2897,-0.1551,-0.2613,0.0934,-0.3283,-0.0000,-0.6514,3.9668,-3.9668
-0.0000,-1.4015,-0.1813,-0.3107,-0.0037,-0.1714,-0.6288,-0.0884,0.0634,-0.0134,0.1125,-0.6436,0.0786,-0.2147,0.2248,-0.8095,0.6156,-0.6946,-0.5417,0.9824,-0.3740,-0.7303,0.1186,-1.1295,-0.0022,0.3495,-1.8914,-1.4023,3.0205,-0.3903,-1.5118,-1.2422,3.1566,-1.0662,-0.7940,-1.0671,-0.2450,1.4425,0.0432,-0.8544,0.7643,-0.6167,-0.5339,-0.2231,0.4847,-0.3913,-0.4990,0.0491,0.0151,-0.2287,-0.1068,-0.2843,0.0412,-0.3137,-0.1220,-0.3546,0.1058,-0.2927,-0.1584,-0.2642,0.0904,-0.3314,-0.0000,-0.6636,3.9362,-3.9362
-0.0000,-1.4486,-0.1853,-0.3137,-0.0075,-0.1752,-0.6324,-0.0920,0.0597,-0.0171,0.1086,-0.6472,0.0749,-0.2180,0.2212,-0.8136,0.6126,-0.6986,-0.5463,0.9788,-0.3771,-0.7339,0.1151,-1.1339,-0.0057,0.3461,-1.8906,-1.4041,3.0163,-0.3999,-1.5111,-1.2457,3.1494,-1.0710,-0.7989,-1.0726,-0.2464,1.4395,0.0393,-0.8574,0.7602,-0.6205,-0.5368,-0.2270,0.4807,-0.3952,-0.5028,0.0456,0.0113,-0.2324,-0.1107,-0.2879,0.0376,-0.3174,-0.1259,-0.3582,0.1020,-0.2963,-0.1622,-0.2678,0.0867,-0.3351,-0.0000,-0.6784,3.8995,-3.8995
-0.0000,-1.5266,-0.1919,-0.3197,-0.0141,-0.1818,-0.6387,-0.0984,0.0533,-0.0237,0.1020,-0.6534,0.0684,-0.2245,0.2146,-0.8202,0.6061,-0.7049,-0.5528,0.9721,-0.3837,-0.7401,0.1089,-1.1411,-0.0120,0.3398,-1.8903,-1.4082,3.0099,-0.4159,-1.5109,-1.2526,3.1390,-1.0799,-0.8081,-1.0792,-0.2506,1.4335,0.0326,-0.8630,0.7534,-0.6274,-0.5432,-0.2336,0.4739,-0.4015,-0.5091,0.0390,0.0045,-0.2388,-0.1172,-0.2945,0.0310,-0.3237,-0.1325,-0.3647,0.0954,-0.3028,-0.1686,-0.2743,0.0802,-0.3417,-0.0000,-0.7044,3.8359,-3.8359
-0.0000,-1.6892,-0.2073,-0.3330,-0.0288,-0.1962,-0.6527,-0.1141,0.0378,-0.0362,0.0867,-0.6681,0.0549,-0.2388,0.2003,-0.8350,0.5912,-0.7194,-0.5678,0.9567,-0.3976,-0.7542,0.0929,-1.1554,-0.0270,0.3266,-1.8937,-1.4200,2.9949,-0.4441,-1.5143,-1.2702,3.1230,-1.1014,-0.8275,-1.0871,-0.2677,1.4194,0.0182,-0.8778,0.7379,-0.6412,-0.5562,-0.2486,0.4583,-0.4164,-0.5239,0.0241,-0.0100,-0.2531,-0.1329,-0.3098,0.0170,-0.3372,-0.1476,-0.3801,0.0806,-0.3158,-0.1838,-0.2885,0.0647,-0.3553,-0.0000,-0.7629,3.6959,-3.6959
-0.0000,-1.8080,-0.2169,-0.3433,-0.0394,-0.2068,-0.6626,-0.1240,0.0287,-0.0485,0.0772,-0.6779,0.0438,-0.2495,0.1895,-0.8451,0.5811,-0.7300,-0.5774,0.9460,-0.4084,-0.7647,0.0834,-1.1655,-0.0366,0.3141,-1.8974,-1.4294,2.9852,-0.4628,-1.5180,-1.2834,3.1140,-1.1171,-0.8411,-1.0907,-0.2790,1.4062,0.0074,-0.8881,0.7285,-0.6523,-0.5670,-0.2591,0.4480,-0.4263,-0.5334,0.0136,-0.0205,-0.2642,-0.1423,-0.3200,0.0057,-0.3479,-0.1573,-0.3904,0.0704,-0.3273,-0.1933,-0.2993,0.0547,-0.3666,-0.0000,-0.8045,3.5970,-3.5970
-0.0000,-1.8185,-0.2173,-0.3446,-0.0392,-0.2069,-0.6630,-0.1244,0.0286,-0.0492,0.0767,-0.6782,0.0433,-0.2499,0.1889,-0.8451,0.5799,-0.7298,-0.5769,0.9452,-0.4092,-0.7652,0.0827,-1.1653,-0.0373,0.3138,-1.9006,-1.4318,2.9851,-0.4588,-1.5209,-1.2854,3.1188,-1.1186,-0.8410,-1.0874,-0.2823,1.4046,0.0073,-0.8890,0.7282,-0.6526,-0.5684,-0.2593,0.4477,-0.4261,-0.5336,0.0127,-0.0210,-0.2642,-0.1422,-0.3205,0.0051,-0.3485,-0.1575,-0.3906,0.0700,-0.3280,-0.1935,-0.3001,0.0546,-0.3671,-0.0000,-0.8061,3.5951,-3.5951
-0.0000,-1.8524,-0.2198,-0.3486,-0.0417,-0.2095,-0.6663,-0.1272,0.0253,-0.0515,0.0741,-0.6810,0.0404,-0.2531,0.1859,-0.8476,0.5758,-0.7321,-0.5786,0.9419,-0.4128,-0.7684,0.0795,-1.1678,-0.0402,0.3106,-1.9078,-1.4382,2.9818,-0.4538,-1.5274,-1.2916,3.1253,-1.1243,-0.8425,-1.0862,-0.2893,1.4001,0.0043,-0.8927,0.7259,-0.6555,-0.5726,-0.2620,0.4449,-0.4282,-0.5366,0.0097,-0.0237,-0.2673,-0.1455,-0.3236,0.0021,-0.3509,-0.1604,-0.3935,0.0671,-0.3311,-0.1966,-0.3030,0.0512,-0.3696,-0.0000,-0.8179,3.5709,-3.5709
-0.0000,-1.9238,-0.2264,-0.3560,-0.0479,-0.2158,-0.6729,-0.1338,0.0192,-0.0586,0.0672,-0.6877,0.0340,-0.2596,0.1789,-0.8542,0.5691,-0.7384,-0.5849,0.9350,-0.4198,-0.7750,0.0728,-1.1749,-0.0473,0.3047,-1.9168,-1.4480,2.9744,-0.4543,-1.5353,-1.3020,3.1274,-1.1348,-0.8479,-1.0923,-0.2978,1.3932,-0.0014,-0.8994,0.7180,-0.6620,-0.5798,-0.2687,0.4389,-0.4351,-0.5429,0.0020,-0.0305,-0.2732,-0.1513,-0.3304,-0.0045,-0.3584,-0.1666,-0.4004,0.0601,-0.3377,-0.2029,-0.3101,0.0453,-0.3770,-0.0000,-0.8447,3.5112,-3.5112
-0.0000,-2.0050,-0.2330,-0.3625,-0.0543,-0.2224,-0.6797,-0.1400,0.0124,-0.0650,0.0606,-0.6941,0.0272,-0.2659,0.1723,-0.8611,0.5626,-0.7451,-0.5917,0.9287,-0.4265,-0.7817,0.0662,-1.1821,-0.0539,0.2986,-1.9252,-1.4571,2.9668,-0.4556,-1.5426,-1.3116,3.1275,-1.1445,-0.8531,-1.1012,-0.3036,1.3867,-0.0085,-0.9057,0.7117,-0.6686,-0.5862,-0.2752,0.4319,-0.4417,-0.5497,-0.0041,-0.0375,-0.2799,-0.1581,-0.3370,-0.0110,-0.3650,-0.1735,-0.4068,0.0536,-0.3445,-0.2098,-0.3167,0.0385,-0.3833,-0.0000,-0.8711,3.4515,-3.4515
-0.0000,-2.1695,-0.2451,-0.3740,-0.0681,-0.2354,-0.6925,-0.1519,-0.0017,-0.0764,0.0490,-0.7067,0.0145,-0.2793,0.1597,-0.8747,0.5514,-0.7586,-0.6051,0.9161,-0.4389,-0.7942,0.0548,-1.1954,-0.0664,0.2849,-1.9420,-1.4747,2.9532,-0.4587,-1.5563,-1.3284,3.1239,-1.1614,-0.8633,-1.1227,-0.3114,1.3753,-0.0210,-0.9177,0.6978,-0.6811,-0.5979,-0.2892,0.4205,-0.4556,-0.5628,-0.0166,-0.0489,-0.2938,-0.1722,-0.3492,-0.0238,-0.3770,-0.1862,-0.4192,0.0404,-0.3571,-0.2232,-0.3286,0.0251,-0.3955,-0.0000,-0.9221,3.3355,-3.3355
-0.0000,-2.1742,-0.2462,-0.3746,-0.0686,-0.2363,-0.6931,-0.1529,-0.0014,-0.0784,0.0474,-0.7074,0.0136,-0.2793,0.1591,-0.8755,0.5505,-0.7594,-0.6067,0.9162,-0.4396,-0.7951,0.0532,-1.1960,-0.0676,0.2851,-1.9421,-1.4750,2.9530,-0.4612,-1.5559,-1.3282,3.1202,-1.1613,-0.8646,-1.1252,-0.3104,1.3749,-0.0229,-0.9185,0.6982,-0.6821,-0.5981,-0.2889,0.4177,-0.4560,-0.5635,-0.0169,-0.0509,-0.2940,-0.1725,-0.3502,-0.0239,-0.3786,-0.1875,-0.4202,0.0400,-0.3576,-0.2238,-0.3296,0.0247,-0.3966,-0.0000,-0.9253,3.3272,-3.3272
-0.0000,-2.1560,-0.2446,-0.3730,-0.0670,-0.2348,-0.6914,-0.1514,0.0002,-0.0768,0.0490,-0.7058,0.0152,-0.2778,0.1607,-0.8739,0.5519,-0.7577,-0.6049,0.9174,-0.4380,-0.7935,0.0547,-1.1941,-0.0660,0.2865,-1.9406,-1.4731,2.9551,-0.4604,-1.5545,-1.3257,3.1199,-1.1586,-0.8633,-1.1231,-0.3090,1.3764,-0.0211,-0.9170,0.6996,-0.6805,-0.5966,-0.2875,0.4196,-0.4544,-0.5619,-0.0153,-0.0493,-0.2925,-0.1708,-0.3487,-0.0226,-0.3769,-0.1859,-0.4185,0.0417,-0.3563,-0.2222,-0.3282,0.0263,-0.3949,-0.0000,-0.9190,3.3414,-3.3414
-0.0000,-2.1434,-0.2435,-0.3720,-0.0660,-0.2339,-0.6903,-0.1505,0.0012,-0.0757,0.0501,-0.7047,0.0162,-0.2769,0.1618,-0.8727,0.5528,-0.7566,-0.6036,0.9181,-0.4370,-0.7924,0.0555,-1.1922,-0.0651,0.2871,-1.9410,-1.4725,2.9576,-0.4589,-1.5543,-1.3231,3.1181,-1.1554,-0.8627,-1.1217,-0.3079,1.3775,-0.0198,-0.9161,0.7004,-0.6793,-0.5956,-0.2867,0.4209,-0.4533,-0.5607,-0.0144,-0.0482,-0.2915,-0.1697,-0.3476,-0.0218,-0.3756,-0.1847,-0.4174,0.0427,-0.3554,-0.2211,-0.3273,0.0273,-0.3937,-0.0000,-0.9148,3.3504,-3.3504
-0.0000,-2.1486,-0.2437,-0.3724,-0.0664,-0.2344,-0.6904,-0.1512,0.0009,-0.0761,0.0498,-0.7050,0.0158,-0.2774,0.1615,-0.8730,0.5520,-0.7569,-0.6035,0.9173,-0.4374,-0.7927,0.0546,-1.1910,-0.0660,0.2860,-1.9462,-1.4751,2.9607,-0.4558,-1.5572,-1.3206,3.1128,-1.1513,-0.8635,-1.1219,-0.3078,1.3770,-0.0198,-0.9168,0.6999,-0.6796,-0.5961,-0.2874,0.4207,-0.4535,-0.5610,-0.0150,-0.0484,-0.2919,-0.1700,-0.3481,-0.0225,-0.3757,-0.1851,-0.4177,0.0424,-0.3559,-0.2215,-0.3279,0.0269,-0.3939,-0.0000,-0.9163,3.3457,-3.3457
-0.0000,-2.1837,-0.2462,-0.3752,-0.0692,-0.2371,-0.6931,-0.1542,-0.0017,-0.0788,0.0473,-0.7077,0.0130,-0.2803,0.1589,-0.8756,0.5489,-0.7596,-0.6060,0.9145,-0.4403,-0.7956,0.0515,-1.1926,-0.0691,0.2828,-1.9562,-1.4817,2.9623,-0.4518,-1.5638,-1.3201,3.1051,-1.1486,-0.8663,-1.1246,-0.3104,1.3740,-0.0224,-0.9198,0.6972,-0.6824,-0.5990,-0.2902,0.4179,-0.4561,-0.5637,-0.0181,-0.0509,-0.2947,-0.1729,-0.3508,-0.0253,-0.3784,-0.1879,-0.4205,0.0395,-0.3585,-0.2243,-0.3306,0.0241,-0.3966,-0.0000,-0.9274,3.3189,-3.3189
-0.0000,-2.2154,-0.2489,-0.3778,-0.0717,-0.2395,-0.6957,-0.1569,-0.0036,-0.0817,0.0444,-0.7103,0.0106,-0.2826,0.1563,-0.8781,0.5465,-0.7623,-0.6088,0.9122,-0.4427,-0.7982,0.0495,-1.1969,-0.0710,0.2808,-1.9627,-1.4860,2.9615,-0.4503,-1.5689,-1.3206,3.0997,-1.1478,-0.8686,-1.1268,-0.3134,1.3712,-0.0249,-0.9219,0.6943,-0.6851,-0.6014,-0.2928,0.4152,-0.4587,-0.5662,-0.0203,-0.0537,-0.2975,-0.1755,-0.3536,-0.0279,-0.3806,-0.1906,-0.4232,0.0377,-0.3615,-0.2269,-0.3335,0.0213,-0.3986,-0.0000,-0.9376,3.2943,-3.2943
-0.0000,-2.2600,-0.2521,-0.3813,-0.0752,-0.2429,-0.6993,-0.1600,-0.0073,-0.0849,0.0414,-0.7137,0.0070,-0.2862,0.1530,-0.8814,0.5429,-0.7659,-0.6123,0.9089,-0.4461,-0.8020,0.0462,-1.2013,-0.0740,0.2777,-1.9724,-1.4926,2.9610,-0.4474,-1.5761,-1.3217,3.0933,-1.1470,-0.8716,-1.1298,-0.3174,1.3674,-0.0286,-0.9252,0.6913,-0.6889,-0.6048,-0.2960,0.4116,-0.4623,-0.5698,-0.0240,-0.0569,-0.3007,-0.1791,-0.3568,-0.0310,-0.3845,-0.1941,-0.4264,0.0336,-0.3644,-0.2304,-0.3365,0.0181,-0.4025,-0.0000,-0.9514,3.2615,-3.2615
-0.0000,-2.2687,-0.2528,-0.3821,-0.0759,-0.2435,-0.7001,-0.1606,-0.0080,-0.0856,0.0406,-0.7144,0.0064,-0.2869,0.1523,-0.8821,0.5423,-0.7667,-0.6132,0.9085,-0.4468,-0.8027,0.0457,-1.2026,-0.0745,0.2772,-1.9731,-1.4931,2.9598,-0.4478,-1.5771,-1.3227,3.0936,-1.1480,-0.8721,-1.1306,-0.3182,1.3666,-0.0295,-0.9258,0.6907,-0.6897,-0.6055,-0.2965,0.4107,-0.4630,-0.5705,-0.0247,-0.0576,-0.3014,-0.1799,-0.3575,-0.0315,-0.3853,-0.1949,-0.4272,0.0328,-0.3650,-0.2312,-0.3371,0.0174,-0.4034,-0.0000,-0.9542,3.2552,-3.2552
-0.0000,-2.2716,-0.2531,-0.3823,-0.0762,-0.2438,-0.7004,-0.1608,-0.0082,-0.0859,0.0403,-0.7147,0.0061,-0.2871,0.1520,-0.8824,0.5421,-0.7669,-0.6136,0.9083,-0.4470,-0.8030,0.0455,-1.2031,-0.0747,0.2771,-1.9730,-1.4931,2.9591,-0.4483,-1.5775,-1.3232,3.0940,-1.1486,-0.8722,-1.1309,-0.3185,1.3664,-0.0298,-0.9260,0.6905,-0.6900,-0.6057,-0.2967,0.4104,-0.4633,-0.5708,-0.0249,-0.0579,-0.3016,-0.1802,-0.3577,-0.0317,-0.3856,-0.1951,-0.4275,0.0325,-0.3652,-0.2314,-0.3373,0.0171,-0.4037,-0.0000,-0.9553,3.2530,-3.2530
-0.0000,-2.2738,-0.2532,-0.3825,-0.0763,-0.2440,-0.7006,-0.1610,-0.0084,-0.0861,0.0402,-0.7148,0.0059,-0.2873,0.1518,-0.8826,0.5419,-0.7671,-0.6138,0.9082,-0.4472,-0.8032,0.0454,-1.2034,-0.0749,0.2769,-1.9731,-1.4928,2.9586,-0.4487,-1.5781,-1.3235,3.0943,-1.1487,-0.8723,-1.1312,-0.3187,1.3662,-0.0300,-0.9262,0.6903,-0.6901,-0.6059,-0.2969,0.4102,-0.4635,-0.5710,-0.0251,-0.0581,-0.3018,-0.1803,-0.3579,-0.0319,-0.3859,-0.1953,-0.4276,0.0324,-0.3654,-0.2316,-0.3375,0.0169,-0.4039,-0.0000,-0.9560,3.2513,-3.2513
-0.0000,-2.2827,-0.2539,-0.3832,-0.0770,-0.2446,-0.7013,-0.1616,-0.0091,-0.0868,0.0394,-0.7155,0.0052,-0.2879,0.1511,-0.8832,0.5413,-0.7679,-0.6146,0.9076,-0.4478,-0.8039,0.0448,-1.2044,-0.0756,0.2764,-1.9739,-1.4908,2.9566,-0.4507,-1.5823,-1.3237,3.0953,-1.1480,-0.8729,-1.1320,-0.3195,1.3656,-0.0308,-0.9270,0.6898,-0.6908,-0.6066,-0.2975,0.4094,-0.4642,-0.5718,-0.0257,-0.0588,-0.3025,-0.1811,-0.3586,-0.0325,-0.3866,-0.1960,-0.4284,0.0317,-0.3661,-0.2323,-0.3381,0.0162,-0.4046,-0.0000,-0.9588,3.2450,-3.2450
0.0000,-2.2896,-0.2544,-0.3838,-0.0776,-0.2453,-0.7019,-0.1622,-0.0097,-0.0874,0.0389,-0.7161,0.0046,-0.2885,0.1506,-0.8838,0.5406,-0.7685,-0.6152,0.9070,-0.4483,-0.8045,0.0441,-1.2050,-0.0761,0.2759,-1.9755,-1.4877,2.9549,-0.4528,-1.5885,-1.3230,3.0960,-1.1456,-0.8735,-1.1326,-0.3200,1.3650,-0.0313,-0.9276,0.6892,-0.6914,-0.6072,-0.2980,0.4089,-0.4648,-0.5724,-0.0261,-0.0595,-0.3031,-0.1816,-0.3592,-0.0330,-0.3873,-0.1966,-0.4289,0.0311,-0.3666,-0.2329,-0.3387,0.0157,-0.4052,0.0000,-0.9611,3.2397,-3.2397
0.0000,-2.2904,-0.2546,-0.3839,-0.0776,-0.2453,-0.7019,-0.1623,-0.0098,-0.0874,0.0387,-0.7161,0.0045,-0.2885,0.1504,-0.8839,0.5407,-0.7686,-0.6153,0.9069,-0.4485,-0.8046,0.0443,-1.2050,-0.0763,0.2755,-1.9764,-1.4851,2.9542,-0.4541,-1.5927,-1.3219,3.0964,-1.1432,-0.8736,-1.1326,-0.3202,1.3650,-0.0315,-0.9277,0.6893,-0.6915,-0.6072,-0.2982,0.4087,-0.4647,-0.5725,-0.0264,-0.0594,-0.3031,-0.1817,-0.3593,-0.0332,-0.3873,-0.1966,-0.4290,0.0309,-0.3667,-0.2329,-0.3389,0.0156,-0.4052,0.0000,-0.9614,3.2389,-3.2389
0.0000,-2.2886,-0.2543,-0.3837,-0.0775,-0.2452,-0.7017,-0.1622,-0.0096,-0.0872,0.0390,-0.7159,0.0046,-0.2884,0.1506,-0.8837,0.5407,-0.7683,-0.6149,0.9069,-0.4483,-0.8044,0.0443,-1.2045,-0.0762,0.2756,-1.9775,-1.4833,2.9545,-0.4544,-1.5960,-1.3203,3.0961,-1.1405,-0.8736,-1.1323,-0.3200,1.3651,-0.0312,-0.9275,0.6893,-0.6914,-0.6071,-0.2981,0.4090,-0.4646,-0.5723,-0.0262,-0.0592,-0.3030,-0.1815,-0.3591,-0.0331,-0.3871,-0.1964,-0.4289,0.0311,-0.3666,-0.2327,-0.3387,0.0158,-0.4051,0.0000,-0.9607,3.2402,-3.2402
0.0000,-2.2849,-0.2540,-0.3834,-0.0772,-0.2450,-0.7014,-0.1620,-0.0094,-0.0869,0.0393,-0.7156,0.0049,-0.2882,0.1509,-0.8835,0.5409,-0.7680,-0.6145,0.9071,-0.4480,-0.8041,0.0445,-1.2040,-0.0759,0.2758,-1.9778,-1.4830,2.9552,-0.4540,-1.5962,-1.3196,3.0958,-1.1396,-0.8734,-1.1319,-0.3197,1.3653,-0.0308,-0.9272,0.6895,-0.6911,-0.6068,-0.2979,0.4093,-0.4642,-0.5720,-0.0260,-0.0589,-0.3027,-0.1812,-0.3588,-0.0329,-0.3867,-0.1961,-0.4286,0.0314,-0.3663,-0.2324,-0.3385,0.0160,-0.4048,0.0000,-0.9596,3.2427,-3.2427
-0.0000,-2.2840,-0.2539,-0.3833,-0.0772,-0.2449,-0.7013,-0.1619,-0.0093,-0.0868,0.0394,-0.7156,0.0050,-0.2881,0.1510,-0.8834,0.5409,-0.7679,-0.6144,0.9071,-0.4479,-0.8040,0.0446,-1.2039,-0.0758,0.2758,-1.9777,-1.4831,2.9554,-0.4539,-1.5959,-1.3195,3.0957,-1.1396,-0.8733,-1.1318,-0.3196,1.3654,-0.0307,-0.9271,0.6896,-0.6910,-0.6068,-0.2978,0.4094,-0.4642,-0.5719,-0.0259,-0.0588,-0.3027,-0.1811,-0.3588,-0.0328,-0.3867,-0.1960,-0.4285,0.0315,-0.3663,-0.2323,-0.3384,0.0161,-0.4047,-0.0000,-0.9593,3.2434,-3.2434
